tissue,subTissues
1,Heart,Heart_cardiacmusclecell
2,Heart,Heart_cardiacmusclecell
3,Heart,Heart_cardiacmusclecell
4,Heart,Heart_cardiacmusclecell
5,Heart,Heart_cardiacmusclecell
6,Heart,Heart_cardiacmusclecell
7,Heart,Heart_cardiacmusclecell
8,Heart,Heart_cardiacmusclecell
9,Heart,Heart_cardiacmusclecell
10,Heart,Heart_cardiacmusclecell
11,Heart,Heart_cardiacmusclecell
12,Heart,Heart_cardiacmusclecell
13,Heart,Heart_cardiacmusclecell
14,Heart,Heart_cardiacmusclecell
15,Heart,Heart_cardiacmusclecell
16,Heart,Heart_cardiacmusclecell
17,Heart,Heart_cardiacmusclecell
18,Heart,Heart_cardiacmusclecell
19,Heart,Heart_cardiacmusclecell
20,Heart,Heart_cardiacmusclecell
21,Heart,Heart_cardiacmusclecell
22,Heart,Heart_cardiacmusclecell
23,Heart,Heart_cardiacmusclecell
24,Heart,Heart_cardiacmusclecell
25,Heart,Heart_cardiacmusclecell
26,Heart,Heart_cardiacmusclecell
27,Heart,Heart_cardiacmusclecell
28,Heart,Heart_cardiacmusclecell
29,Heart,Heart_cardiacmusclecell
30,Heart,Heart_cardiacmusclecell
31,Heart,Heart_cardiacmusclecell
32,Heart,Heart_cardiacmusclecell
33,Heart,Heart_cardiacmusclecell
34,Heart,Heart_cardiacmusclecell
35,Heart,Heart_cardiacmusclecell
36,Heart,Heart_cardiacmusclecell
37,Heart,Heart_cardiacmusclecell
38,Heart,Heart_cardiacmusclecell
39,Heart,Heart_cardiacmusclecell
40,Heart,Heart_cardiacmusclecell
41,Heart,Heart_cardiacmusclecell
42,Heart,Heart_cardiacmusclecell
43,Heart,Heart_cardiacmusclecell
44,Heart,Heart_cardiacmusclecell
45,Heart,Heart_cardiacmusclecell
46,Heart,Heart_cardiacmusclecell
47,Heart,Heart_cardiacmusclecell
48,Heart,Heart_cardiacmusclecell
49,Heart,Heart_cardiacmusclecell
50,Heart,Heart_cardiacmusclecell
51,Heart,Heart_cardiacmusclecell
52,Heart,Heart_cardiacmusclecell
53,Heart,Heart_cardiacmusclecell
54,Heart,Heart_cardiacmusclecell
55,Heart,Heart_cardiacmusclecell
56,Heart,Heart_cardiacmusclecell
57,Heart,Heart_cardiacmusclecell
58,Heart,Heart_cardiacmusclecell
59,Heart,Heart_cardiacmusclecell
60,Heart,Heart_cardiacmusclecell
61,Heart,Heart_cardiacmusclecell
62,Heart,Heart_cardiacmusclecell
63,Heart,Heart_cardiacmusclecell
64,Heart,Heart_cardiacmusclecell
65,Heart,Heart_cardiacmusclecell
66,Heart,Heart_cardiacmusclecell
67,Heart,Heart_cardiacmusclecell
68,Heart,Heart_cardiacmusclecell
69,Heart,Heart_cardiacmusclecell
70,Heart,Heart_cardiacmusclecell
71,Heart,Heart_cardiacmusclecell
72,Heart,Heart_cardiacmusclecell
73,Heart,Heart_cardiacmusclecell
74,Heart,Heart_cardiacmusclecell
75,Heart,Heart_cardiacmusclecell
76,Heart,Heart_cardiacmusclecell
77,Heart,Heart_cardiacmusclecell
78,Heart,Heart_cardiacmusclecell
79,Heart,Heart_cardiacmusclecell
80,Heart,Heart_cardiacmusclecell
81,Heart,Heart_cardiacmusclecell
82,Heart,Heart_cardiacmusclecell
83,Heart,Heart_cardiacmusclecell
84,Heart,Heart_endocardialcell
85,Heart,Heart_endocardialcell
86,Heart,Heart_endocardialcell
87,Heart,Heart_endocardialcell
88,Heart,Heart_endocardialcell
89,Heart,Heart_endocardialcell
90,Heart,Heart_endocardialcell
91,Heart,Heart_endocardialcell
92,Heart,Heart_endocardialcell
93,Heart,Heart_endocardialcell
94,Heart,Heart_endocardialcell
95,Heart,Heart_endocardialcell
96,Heart,Heart_endocardialcell
97,Heart,Heart_endocardialcell
98,Heart,Heart_endocardialcell
99,Heart,Heart_endocardialcell
100,Heart,Heart_endocardialcell
101,Heart,Heart_endocardialcell
102,Heart,Heart_endocardialcell
103,Heart,Heart_endocardialcell
104,Heart,Heart_endocardialcell
105,Heart,Heart_endocardialcell
106,Heart,Heart_endocardialcell
107,Heart,Heart_endocardialcell
108,Heart,Heart_endocardialcell
109,Heart,Heart_endocardialcell
110,Heart,Heart_endocardialcell
111,Heart,Heart_endocardialcell
112,Heart,Heart_endocardialcell
113,Heart,Heart_endocardialcell
114,Heart,Heart_endocardialcell
115,Heart,Heart_endocardialcell
116,Heart,Heart_endocardialcell
117,Heart,Heart_endocardialcell
118,Heart,Heart_endocardialcell
119,Heart,Heart_endocardialcell
120,Heart,Heart_endocardialcell
121,Heart,Heart_endocardialcell
122,Heart,Heart_endocardialcell
123,Heart,Heart_endocardialcell
124,Heart,Heart_endocardialcell
125,Heart,Heart_endocardialcell
126,Heart,Heart_endocardialcell
127,Heart,Heart_endocardialcell
128,Heart,Heart_endocardialcell
129,Heart,Heart_endocardialcell
130,Heart,Heart_endocardialcell
131,Heart,Heart_endocardialcell
132,Heart,Heart_endocardialcell
133,Heart,Heart_endocardialcell
134,Heart,Heart_endocardialcell
135,Heart,Heart_endocardialcell
136,Heart,Heart_endocardialcell
137,Heart,Heart_endocardialcell
138,Heart,Heart_endocardialcell
139,Heart,Heart_endocardialcell
140,Heart,Heart_endocardialcell
141,Heart,Heart_endocardialcell
142,Heart,Heart_endocardialcell
143,Heart,Heart_endocardialcell
144,Heart,Heart_endocardialcell
145,Heart,Heart_endocardialcell
146,Heart,Heart_endocardialcell
147,Heart,Heart_endocardialcell
148,Heart,Heart_endocardialcell
149,Heart,Heart_endothelialcell
150,Heart,Heart_endothelialcell
151,Heart,Heart_endothelialcell
152,Heart,Heart_endothelialcell
153,Heart,Heart_endothelialcell
154,Heart,Heart_endothelialcell
155,Heart,Heart_endothelialcell
156,Heart,Heart_endothelialcell
157,Heart,Heart_endothelialcell
158,Heart,Heart_endothelialcell
159,Heart,Heart_endothelialcell
160,Heart,Heart_endothelialcell
161,Heart,Heart_endothelialcell
162,Heart,Heart_endothelialcell
163,Heart,Heart_endothelialcell
164,Heart,Heart_endothelialcell
165,Heart,Heart_endothelialcell
166,Heart,Heart_endothelialcell
167,Heart,Heart_endothelialcell
168,Heart,Heart_endothelialcell
169,Heart,Heart_endothelialcell
170,Heart,Heart_endothelialcell
171,Heart,Heart_endothelialcell
172,Heart,Heart_endothelialcell
173,Heart,Heart_endothelialcell
174,Heart,Heart_endothelialcell
175,Heart,Heart_endothelialcell
176,Heart,Heart_endothelialcell
177,Heart,Heart_endothelialcell
178,Heart,Heart_endothelialcell
179,Heart,Heart_endothelialcell
180,Heart,Heart_endothelialcell
181,Heart,Heart_endothelialcell
182,Heart,Heart_endothelialcell
183,Heart,Heart_endothelialcell
184,Heart,Heart_endothelialcell
185,Heart,Heart_endothelialcell
186,Heart,Heart_endothelialcell
187,Heart,Heart_endothelialcell
188,Heart,Heart_endothelialcell
189,Heart,Heart_endothelialcell
190,Heart,Heart_endothelialcell
191,Heart,Heart_endothelialcell
192,Heart,Heart_endothelialcell
193,Heart,Heart_endothelialcell
194,Heart,Heart_endothelialcell
195,Heart,Heart_endothelialcell
196,Heart,Heart_endothelialcell
197,Heart,Heart_endothelialcell
198,Heart,Heart_endothelialcell
199,Heart,Heart_endothelialcell
200,Heart,Heart_endothelialcell
201,Heart,Heart_endothelialcell
202,Heart,Heart_endothelialcell
203,Heart,Heart_endothelialcell
204,Heart,Heart_endothelialcell
205,Heart,Heart_endothelialcell
206,Heart,Heart_endothelialcell
207,Heart,Heart_endothelialcell
208,Heart,Heart_endothelialcell
209,Heart,Heart_endothelialcell
210,Heart,Heart_endothelialcell
211,Heart,Heart_endothelialcell
212,Heart,Heart_endothelialcell
213,Heart,Heart_endothelialcell
214,Heart,Heart_endothelialcell
215,Heart,Heart_endothelialcell
216,Heart,Heart_endothelialcell
217,Heart,Heart_endothelialcell
218,Heart,Heart_endothelialcell
219,Heart,Heart_endothelialcell
220,Heart,Heart_endothelialcell
221,Heart,Heart_endothelialcell
222,Heart,Heart_endothelialcell
223,Heart,Heart_endothelialcell
224,Heart,Heart_endothelialcell
225,Heart,Heart_endothelialcell
226,Heart,Heart_endothelialcell
227,Heart,Heart_endothelialcell
228,Heart,Heart_endothelialcell
229,Heart,Heart_endothelialcell
230,Heart,Heart_endothelialcell
231,Heart,Heart_endothelialcell
232,Heart,Heart_endothelialcell
233,Heart,Heart_endothelialcell
234,Heart,Heart_endothelialcell
235,Heart,Heart_endothelialcell
236,Heart,Heart_endothelialcell
237,Heart,Heart_endothelialcell
238,Heart,Heart_endothelialcell
239,Heart,Heart_endothelialcell
240,Heart,Heart_endothelialcell
241,Heart,Heart_endothelialcell
242,Heart,Heart_endothelialcell
243,Heart,Heart_endothelialcell
244,Heart,Heart_endothelialcell
245,Heart,Heart_endothelialcell
246,Heart,Heart_endothelialcell
247,Heart,Heart_endothelialcell
248,Heart,Heart_endothelialcell
249,Heart,Heart_endothelialcell
250,Heart,Heart_endothelialcell
251,Heart,Heart_endothelialcell
252,Heart,Heart_endothelialcell
253,Heart,Heart_endothelialcell
254,Heart,Heart_endothelialcell
255,Heart,Heart_endothelialcell
256,Heart,Heart_endothelialcell
257,Heart,Heart_endothelialcell
258,Heart,Heart_endothelialcell
259,Heart,Heart_endothelialcell
260,Heart,Heart_endothelialcell
261,Heart,Heart_endothelialcell
262,Heart,Heart_endothelialcell
263,Heart,Heart_endothelialcell
264,Heart,Heart_endothelialcell
265,Heart,Heart_endothelialcell
266,Heart,Heart_endothelialcell
267,Heart,Heart_endothelialcell
268,Heart,Heart_endothelialcell
269,Heart,Heart_endothelialcell
270,Heart,Heart_endothelialcell
271,Heart,Heart_endothelialcell
272,Heart,Heart_endothelialcell
273,Heart,Heart_endothelialcell
274,Heart,Heart_endothelialcell
275,Heart,Heart_endothelialcell
276,Heart,Heart_endothelialcell
277,Heart,Heart_endothelialcell
278,Heart,Heart_endothelialcell
279,Heart,Heart_endothelialcell
280,Heart,Heart_endothelialcell
281,Heart,Heart_endothelialcell
282,Heart,Heart_endothelialcell
283,Heart,Heart_endothelialcell
284,Heart,Heart_endothelialcell
285,Heart,Heart_endothelialcell
286,Heart,Heart_endothelialcell
287,Heart,Heart_endothelialcell
288,Heart,Heart_endothelialcell
289,Heart,Heart_endothelialcell
290,Heart,Heart_endothelialcell
291,Heart,Heart_endothelialcell
292,Heart,Heart_endothelialcell
293,Heart,Heart_endothelialcell
294,Heart,Heart_endothelialcell
295,Heart,Heart_endothelialcell
296,Heart,Heart_endothelialcell
297,Heart,Heart_endothelialcell
298,Heart,Heart_endothelialcell
299,Heart,Heart_endothelialcell
300,Heart,Heart_endothelialcell
301,Heart,Heart_endothelialcell
302,Heart,Heart_endothelialcell
303,Heart,Heart_endothelialcell
304,Heart,Heart_endothelialcell
305,Heart,Heart_endothelialcell
306,Heart,Heart_endothelialcell
307,Heart,Heart_endothelialcell
308,Heart,Heart_endothelialcell
309,Heart,Heart_endothelialcell
310,Heart,Heart_endothelialcell
311,Heart,Heart_endothelialcell
312,Heart,Heart_endothelialcell
313,Heart,Heart_endothelialcell
314,Heart,Heart_endothelialcell
315,Heart,Heart_endothelialcell
316,Heart,Heart_endothelialcell
317,Heart,Heart_endothelialcell
318,Heart,Heart_endothelialcell
319,Heart,Heart_endothelialcell
320,Heart,Heart_endothelialcell
321,Heart,Heart_endothelialcell
322,Heart,Heart_endothelialcell
323,Heart,Heart_endothelialcell
324,Heart,Heart_endothelialcell
325,Heart,Heart_endothelialcell
326,Heart,Heart_endothelialcell
327,Heart,Heart_erythrocyte
328,Heart,Heart_erythrocyte
329,Heart,Heart_erythrocyte
330,Heart,Heart_erythrocyte
331,Heart,Heart_erythrocyte
332,Heart,Heart_erythrocyte
333,Heart,Heart_erythrocyte
334,Heart,Heart_erythrocyte
335,Heart,Heart_erythrocyte
336,Heart,Heart_erythrocyte
337,Heart,Heart_erythrocyte
338,Heart,Heart_erythrocyte
339,Heart,Heart_erythrocyte
340,Heart,Heart_erythrocyte
341,Heart,Heart_erythrocyte
342,Heart,Heart_erythrocyte
343,Heart,Heart_erythrocyte
344,Heart,Heart_erythrocyte
345,Heart,Heart_erythrocyte
346,Heart,Heart_erythrocyte
347,Heart,Heart_erythrocyte
348,Heart,Heart_erythrocyte
349,Heart,Heart_erythrocyte
350,Heart,Heart_erythrocyte
351,Heart,Heart_erythrocyte
352,Heart,Heart_erythrocyte
353,Heart,Heart_erythrocyte
354,Heart,Heart_erythrocyte
355,Heart,Heart_erythrocyte
356,Heart,Heart_erythrocyte
357,Heart,Heart_erythrocyte
358,Heart,Heart_erythrocyte
359,Heart,Heart_erythrocyte
360,Heart,Heart_erythrocyte
361,Heart,Heart_erythrocyte
362,Heart,Heart_erythrocyte
363,Heart,Heart_erythrocyte
364,Heart,Heart_erythrocyte
365,Heart,Heart_erythrocyte
366,Heart,Heart_erythrocyte
367,Heart,Heart_erythrocyte
368,Heart,Heart_erythrocyte
369,Heart,Heart_erythrocyte
370,Heart,Heart_erythrocyte
371,Heart,Heart_erythrocyte
372,Heart,Heart_erythrocyte
373,Heart,Heart_erythrocyte
374,Heart,Heart_erythrocyte
375,Heart,Heart_erythrocyte
376,Heart,Heart_erythrocyte
377,Heart,Heart_erythrocyte
378,Heart,Heart_erythrocyte
379,Heart,Heart_erythrocyte
380,Heart,Heart_erythrocyte
381,Heart,Heart_erythrocyte
382,Heart,Heart_fibroblast
383,Heart,Heart_fibroblast
384,Heart,Heart_fibroblast
385,Heart,Heart_fibroblast
386,Heart,Heart_fibroblast
387,Heart,Heart_fibroblast
388,Heart,Heart_fibroblast
389,Heart,Heart_fibroblast
390,Heart,Heart_fibroblast
391,Heart,Heart_fibroblast
392,Heart,Heart_fibroblast
393,Heart,Heart_fibroblast
394,Heart,Heart_fibroblast
395,Heart,Heart_fibroblast
396,Heart,Heart_fibroblast
397,Heart,Heart_fibroblast
398,Heart,Heart_fibroblast
399,Heart,Heart_fibroblast
400,Heart,Heart_fibroblast
401,Heart,Heart_fibroblast
402,Heart,Heart_fibroblast
403,Heart,Heart_fibroblast
404,Heart,Heart_fibroblast
405,Heart,Heart_fibroblast
406,Heart,Heart_fibroblast
407,Heart,Heart_fibroblast
408,Heart,Heart_fibroblast
409,Heart,Heart_fibroblast
410,Heart,Heart_fibroblast
411,Heart,Heart_fibroblast
412,Heart,Heart_fibroblast
413,Heart,Heart_fibroblast
414,Heart,Heart_fibroblast
415,Heart,Heart_fibroblast
416,Heart,Heart_fibroblast
417,Heart,Heart_fibroblast
418,Heart,Heart_fibroblast
419,Heart,Heart_fibroblast
420,Heart,Heart_fibroblast
421,Heart,Heart_fibroblast
422,Heart,Heart_fibroblast
423,Heart,Heart_fibroblast
424,Heart,Heart_fibroblast
425,Heart,Heart_fibroblast
426,Heart,Heart_fibroblast
427,Heart,Heart_fibroblast
428,Heart,Heart_fibroblast
429,Heart,Heart_fibroblast
430,Heart,Heart_fibroblast
431,Heart,Heart_fibroblast
432,Heart,Heart_fibroblast
433,Heart,Heart_fibroblast
434,Heart,Heart_fibroblast
435,Heart,Heart_fibroblast
436,Heart,Heart_fibroblast
437,Heart,Heart_fibroblast
438,Heart,Heart_fibroblast
439,Heart,Heart_fibroblast
440,Heart,Heart_fibroblast
441,Heart,Heart_fibroblast
442,Heart,Heart_fibroblast
443,Heart,Heart_fibroblast
444,Heart,Heart_fibroblast
445,Heart,Heart_fibroblast
446,Heart,Heart_fibroblast
447,Heart,Heart_fibroblast
448,Heart,Heart_fibroblast
449,Heart,Heart_fibroblast
450,Heart,Heart_fibroblast
451,Heart,Heart_fibroblast
452,Heart,Heart_fibroblast
453,Heart,Heart_fibroblast
454,Heart,Heart_fibroblast
455,Heart,Heart_fibroblast
456,Heart,Heart_fibroblast
457,Heart,Heart_fibroblast
458,Heart,Heart_fibroblast
459,Heart,Heart_fibroblast
460,Heart,Heart_fibroblast
461,Heart,Heart_fibroblast
462,Heart,Heart_fibroblast
463,Heart,Heart_fibroblast
464,Heart,Heart_fibroblast
465,Heart,Heart_fibroblast
466,Heart,Heart_fibroblast
467,Heart,Heart_fibroblast
468,Heart,Heart_fibroblast
469,Heart,Heart_fibroblast
470,Heart,Heart_fibroblast
471,Heart,Heart_fibroblast
472,Heart,Heart_fibroblast
473,Heart,Heart_fibroblast
474,Heart,Heart_fibroblast
475,Heart,Heart_fibroblast
476,Heart,Heart_fibroblast
477,Heart,Heart_fibroblast
478,Heart,Heart_fibroblast
479,Heart,Heart_fibroblast
480,Heart,Heart_fibroblast
481,Heart,Heart_fibroblast
482,Heart,Heart_fibroblast
483,Heart,Heart_fibroblast
484,Heart,Heart_fibroblast
485,Heart,Heart_fibroblast
486,Heart,Heart_fibroblast
487,Heart,Heart_fibroblast
488,Heart,Heart_fibroblast
489,Heart,Heart_fibroblast
490,Heart,Heart_fibroblast
491,Heart,Heart_fibroblast
492,Heart,Heart_fibroblast
493,Heart,Heart_fibroblast
494,Heart,Heart_fibroblast
495,Heart,Heart_fibroblast
496,Heart,Heart_fibroblast
497,Heart,Heart_fibroblast
498,Heart,Heart_fibroblast
499,Heart,Heart_fibroblast
500,Heart,Heart_fibroblast
501,Heart,Heart_fibroblast
502,Heart,Heart_fibroblast
503,Heart,Heart_fibroblast
504,Heart,Heart_fibroblast
505,Heart,Heart_fibroblast
506,Heart,Heart_fibroblast
507,Heart,Heart_fibroblast
508,Heart,Heart_fibroblast
509,Heart,Heart_fibroblast
510,Heart,Heart_fibroblast
511,Heart,Heart_fibroblast
512,Heart,Heart_fibroblast
513,Heart,Heart_fibroblast
514,Heart,Heart_fibroblast
515,Heart,Heart_fibroblast
516,Heart,Heart_fibroblast
517,Heart,Heart_fibroblast
518,Heart,Heart_fibroblast
519,Heart,Heart_fibroblast
520,Heart,Heart_fibroblast
521,Heart,Heart_fibroblast
522,Heart,Heart_fibroblast
523,Heart,Heart_fibroblast
524,Heart,Heart_fibroblast
525,Heart,Heart_fibroblast
526,Heart,Heart_fibroblast
527,Heart,Heart_fibroblast
528,Heart,Heart_fibroblast
529,Heart,Heart_fibroblast
530,Heart,Heart_fibroblast
531,Heart,Heart_fibroblast
532,Heart,Heart_fibroblast
533,Heart,Heart_fibroblast
534,Heart,Heart_fibroblast
535,Heart,Heart_fibroblast
536,Heart,Heart_fibroblast
537,Heart,Heart_fibroblast
538,Heart,Heart_fibroblast
539,Heart,Heart_fibroblast
540,Heart,Heart_fibroblast
541,Heart,Heart_fibroblast
542,Heart,Heart_fibroblast
543,Heart,Heart_fibroblast
544,Heart,Heart_fibroblast
545,Heart,Heart_fibroblast
546,Heart,Heart_fibroblast
547,Heart,Heart_fibroblast
548,Heart,Heart_fibroblast
549,Heart,Heart_fibroblast
550,Heart,Heart_fibroblast
551,Heart,Heart_fibroblast
552,Heart,Heart_fibroblast
553,Heart,Heart_fibroblast
554,Heart,Heart_fibroblast
555,Heart,Heart_fibroblast
556,Heart,Heart_fibroblast
557,Heart,Heart_fibroblast
558,Heart,Heart_fibroblast
559,Heart,Heart_fibroblast
560,Heart,Heart_fibroblast
561,Heart,Heart_fibroblast
562,Heart,Heart_fibroblast
563,Heart,Heart_fibroblast
564,Heart,Heart_fibroblast
565,Heart,Heart_fibroblast
566,Heart,Heart_fibroblast
567,Heart,Heart_fibroblast
568,Heart,Heart_fibroblast
569,Heart,Heart_fibroblast
570,Heart,Heart_fibroblast
571,Heart,Heart_fibroblast
572,Heart,Heart_fibroblast
573,Heart,Heart_fibroblast
574,Heart,Heart_fibroblast
575,Heart,Heart_fibroblast
576,Heart,Heart_fibroblast
577,Heart,Heart_fibroblast
578,Heart,Heart_fibroblast
579,Heart,Heart_fibroblast
580,Heart,Heart_fibroblast
581,Heart,Heart_fibroblast
582,Heart,Heart_fibroblast
583,Heart,Heart_fibroblast
584,Heart,Heart_fibroblast
585,Heart,Heart_fibroblast
586,Heart,Heart_fibroblast
587,Heart,Heart_fibroblast
588,Heart,Heart_fibroblast
589,Heart,Heart_fibroblast
590,Heart,Heart_fibroblast
591,Heart,Heart_fibroblast
592,Heart,Heart_fibroblast
593,Heart,Heart_fibroblast
594,Heart,Heart_fibroblast
595,Heart,Heart_fibroblast
596,Heart,Heart_fibroblast
597,Heart,Heart_fibroblast
598,Heart,Heart_fibroblast
599,Heart,Heart_fibroblast
600,Heart,Heart_fibroblast
601,Heart,Heart_fibroblast
602,Heart,Heart_fibroblast
603,Heart,Heart_fibroblast
604,Heart,Heart_smoothmusclecell
605,Heart,Heart_smoothmusclecell
606,Heart,Heart_smoothmusclecell
607,Heart,Heart_smoothmusclecell
608,Heart,Heart_smoothmusclecell
609,Heart,Heart_smoothmusclecell
610,Heart,Heart_smoothmusclecell
611,Heart,Heart_smoothmusclecell
612,Heart,Heart_smoothmusclecell
613,Heart,Heart_smoothmusclecell
614,Heart,Heart_smoothmusclecell
615,Heart,Heart_smoothmusclecell
616,Heart,Heart_smoothmusclecell
617,Heart,Heart_smoothmusclecell
618,Heart,Heart_smoothmusclecell
619,Heart,Heart_smoothmusclecell
620,Heart,Heart_smoothmusclecell
621,Heart,Heart_smoothmusclecell
622,Heart,Heart_smoothmusclecell
623,Heart,Heart_smoothmusclecell
624,Heart,Heart_smoothmusclecell
625,Liver,Liver_endothelialcell
626,Liver,Liver_endothelialcell
627,Liver,Liver_endothelialcell
628,Liver,Liver_endothelialcell
629,Liver,Liver_endothelialcell
630,Liver,Liver_endothelialcell
631,Liver,Liver_endothelialcell
632,Liver,Liver_endothelialcell
633,Liver,Liver_endothelialcell
634,Liver,Liver_endothelialcell
635,Liver,Liver_hepatocyte
636,Liver,Liver_hepatocyte
637,Liver,Liver_hepatocyte
638,Liver,Liver_hepatocyte
639,Liver,Liver_hepatocyte
640,Liver,Liver_hepatocyte
641,Liver,Liver_hepatocyte
642,Liver,Liver_hepatocyte
643,Liver,Liver_hepatocyte
644,Liver,Liver_hepatocyte
645,Liver,Liver_hepatocyte
646,Liver,Liver_hepatocyte
647,Liver,Liver_hepatocyte
648,Liver,Liver_hepatocyte
649,Liver,Liver_hepatocyte
650,Liver,Liver_hepatocyte
651,Liver,Liver_hepatocyte
652,Liver,Liver_hepatocyte
653,Liver,Liver_hepatocyte
654,Liver,Liver_hepatocyte
655,Liver,Liver_hepatocyte
656,Liver,Liver_hepatocyte
657,Liver,Liver_hepatocyte
658,Liver,Liver_hepatocyte
659,Liver,Liver_hepatocyte
660,Liver,Liver_hepatocyte
661,Liver,Liver_hepatocyte
662,Liver,Liver_hepatocyte
663,Liver,Liver_hepatocyte
664,Liver,Liver_hepatocyte
665,Liver,Liver_hepatocyte
666,Liver,Liver_hepatocyte
667,Liver,Liver_hepatocyte
668,Liver,Liver_hepatocyte
669,Liver,Liver_hepatocyte
670,Liver,Liver_hepatocyte
671,Liver,Liver_hepatocyte
672,Liver,Liver_hepatocyte
673,Liver,Liver_hepatocyte
674,Liver,Liver_hepatocyte
675,Liver,Liver_hepatocyte
676,Liver,Liver_hepatocyte
677,Liver,Liver_hepatocyte
678,Liver,Liver_hepatocyte
679,Liver,Liver_hepatocyte
680,Liver,Liver_hepatocyte
681,Liver,Liver_hepatocyte
682,Liver,Liver_hepatocyte
683,Liver,Liver_hepatocyte
684,Liver,Liver_hepatocyte
685,Liver,Liver_hepatocyte
686,Liver,Liver_hepatocyte
687,Liver,Liver_hepatocyte
688,Liver,Liver_hepatocyte
689,Liver,Liver_hepatocyte
690,Liver,Liver_hepatocyte
691,Liver,Liver_hepatocyte
692,Liver,Liver_hepatocyte
693,Liver,Liver_hepatocyte
694,Liver,Liver_hepatocyte
695,Liver,Liver_hepatocyte
696,Liver,Liver_hepatocyte
697,Liver,Liver_hepatocyte
698,Liver,Liver_hepatocyte
699,Liver,Liver_hepatocyte
700,Liver,Liver_hepatocyte
701,Liver,Liver_hepatocyte
702,Liver,Liver_hepatocyte
703,Liver,Liver_hepatocyte
704,Liver,Liver_hepatocyte
705,Liver,Liver_hepatocyte
706,Liver,Liver_hepatocyte
707,Liver,Liver_hepatocyte
708,Liver,Liver_hepatocyte
709,Liver,Liver_hepatocyte
710,Liver,Liver_hepatocyte
711,Liver,Liver_hepatocyte
712,Liver,Liver_hepatocyte
713,Liver,Liver_hepatocyte
714,Liver,Liver_hepatocyte
715,Liver,Liver_hepatocyte
716,Liver,Liver_hepatocyte
717,Liver,Liver_hepatocyte
718,Liver,Liver_hepatocyte
719,Liver,Liver_hepatocyte
720,Liver,Liver_hepatocyte
721,Liver,Liver_hepatocyte
722,Liver,Liver_hepatocyte
723,Liver,Liver_hepatocyte
724,Liver,Liver_hepatocyte
725,Liver,Liver_hepatocyte
726,Liver,Liver_hepatocyte
727,Liver,Liver_hepatocyte
728,Liver,Liver_hepatocyte
729,Liver,Liver_hepatocyte
730,Liver,Liver_hepatocyte
731,Liver,Liver_hepatocyte
732,Liver,Liver_hepatocyte
733,Liver,Liver_hepatocyte
734,Liver,Liver_hepatocyte
735,Liver,Liver_hepatocyte
736,Liver,Liver_hepatocyte
737,Liver,Liver_hepatocyte
738,Liver,Liver_hepatocyte
739,Liver,Liver_hepatocyte
740,Liver,Liver_hepatocyte
741,Liver,Liver_hepatocyte
742,Liver,Liver_hepatocyte
743,Liver,Liver_hepatocyte
744,Liver,Liver_hepatocyte
745,Liver,Liver_hepatocyte
746,Liver,Liver_hepatocyte
747,Liver,Liver_hepatocyte
748,Liver,Liver_hepatocyte
749,Liver,Liver_hepatocyte
750,Liver,Liver_hepatocyte
751,Liver,Liver_hepatocyte
752,Liver,Liver_hepatocyte
753,Liver,Liver_hepatocyte
754,Liver,Liver_hepatocyte
755,Liver,Liver_hepatocyte
756,Liver,Liver_hepatocyte
757,Liver,Liver_hepatocyte
758,Liver,Liver_hepatocyte
759,Liver,Liver_hepatocyte
760,Liver,Liver_hepatocyte
761,Liver,Liver_hepatocyte
762,Liver,Liver_hepatocyte
763,Liver,Liver_hepatocyte
764,Liver,Liver_hepatocyte
765,Liver,Liver_hepatocyte
766,Liver,Liver_hepatocyte
767,Liver,Liver_hepatocyte
768,Liver,Liver_hepatocyte
769,Liver,Liver_hepatocyte
770,Liver,Liver_hepatocyte
771,Liver,Liver_hepatocyte
772,Liver,Liver_hepatocyte
773,Liver,Liver_hepatocyte
774,Liver,Liver_hepatocyte
775,Liver,Liver_hepatocyte
776,Liver,Liver_hepatocyte
777,Liver,Liver_hepatocyte
778,Liver,Liver_hepatocyte
779,Liver,Liver_hepatocyte
780,Liver,Liver_hepatocyte
781,Liver,Liver_hepatocyte
782,Liver,Liver_hepatocyte
783,Liver,Liver_hepatocyte
784,Liver,Liver_hepatocyte
785,Liver,Liver_hepatocyte
786,Liver,Liver_hepatocyte
787,Liver,Liver_hepatocyte
788,Liver,Liver_hepatocyte
789,Liver,Liver_hepatocyte
790,Liver,Liver_hepatocyte
791,Liver,Liver_hepatocyte
792,Liver,Liver_hepatocyte
793,Liver,Liver_hepatocyte
794,Liver,Liver_hepatocyte
795,Liver,Liver_hepatocyte
796,Liver,Liver_hepatocyte
797,Liver,Liver_hepatocyte
798,Liver,Liver_hepatocyte
799,Liver,Liver_hepatocyte
800,Liver,Liver_hepatocyte
801,Liver,Liver_hepatocyte
802,Liver,Liver_hepatocyte
803,Liver,Liver_hepatocyte
804,Liver,Liver_hepatocyte
805,Liver,Liver_hepatocyte
806,Liver,Liver_hepatocyte
807,Liver,Liver_hepatocyte
808,Liver,Liver_hepatocyte
809,Liver,Liver_hepatocyte
810,Liver,Liver_hepatocyte
811,Liver,Liver_hepatocyte
812,Liver,Liver_hepatocyte
813,Liver,Liver_hepatocyte
814,Liver,Liver_hepatocyte
815,Liver,Liver_hepatocyte
816,Liver,Liver_hepatocyte
817,Liver,Liver_hepatocyte
818,Liver,Liver_hepatocyte
819,Liver,Liver_hepatocyte
820,Liver,Liver_hepatocyte
821,Liver,Liver_hepatocyte
822,Liver,Liver_hepatocyte
823,Liver,Liver_hepatocyte
824,Liver,Liver_hepatocyte
825,Liver,Liver_hepatocyte
826,Liver,Liver_hepatocyte
827,Liver,Liver_hepatocyte
828,Liver,Liver_hepatocyte
829,Liver,Liver_hepatocyte
830,Liver,Liver_hepatocyte
831,Liver,Liver_hepatocyte
832,Liver,Liver_hepatocyte
833,Liver,Liver_hepatocyte
834,Liver,Liver_hepatocyte
835,Liver,Liver_hepatocyte
836,Liver,Liver_hepatocyte
837,Liver,Liver_hepatocyte
838,Liver,Liver_hepatocyte
839,Liver,Liver_hepatocyte
840,Liver,Liver_hepatocyte
841,Liver,Liver_hepatocyte
842,Liver,Liver_hepatocyte
843,Liver,Liver_hepatocyte
844,Liver,Liver_hepatocyte
845,Liver,Liver_hepatocyte
846,Liver,Liver_hepatocyte
847,Liver,Liver_hepatocyte
848,Liver,Liver_hepatocyte
849,Liver,Liver_hepatocyte
850,Liver,Liver_hepatocyte
851,Liver,Liver_hepatocyte
852,Liver,Liver_hepatocyte
853,Liver,Liver_hepatocyte
854,Liver,Liver_hepatocyte
855,Liver,Liver_hepatocyte
856,Liver,Liver_hepatocyte
857,Liver,Liver_hepatocyte
858,Liver,Liver_hepatocyte
859,Liver,Liver_hepatocyte
860,Liver,Liver_hepatocyte
861,Liver,Liver_hepatocyte
862,Liver,Liver_hepatocyte
863,Liver,Liver_hepatocyte
864,Liver,Liver_hepatocyte
865,Liver,Liver_hepatocyte
866,Liver,Liver_hepatocyte
867,Liver,Liver_hepatocyte
868,Liver,Liver_hepatocyte
869,Liver,Liver_hepatocyte
870,Liver,Liver_hepatocyte
871,Liver,Liver_hepatocyte
872,Liver,Liver_hepatocyte
873,Liver,Liver_hepatocyte
874,Liver,Liver_hepatocyte
875,Liver,Liver_hepatocyte
876,Liver,Liver_hepatocyte
877,Liver,Liver_hepatocyte
878,Liver,Liver_hepatocyte
879,Liver,Liver_hepatocyte
880,Liver,Liver_hepatocyte
881,Liver,Liver_hepatocyte
882,Liver,Liver_hepatocyte
883,Liver,Liver_hepatocyte
884,Liver,Liver_hepatocyte
885,Liver,Liver_hepatocyte
886,Liver,Liver_hepatocyte
887,Liver,Liver_hepatocyte
888,Liver,Liver_hepatocyte
889,Liver,Liver_hepatocyte
890,Liver,Liver_hepatocyte
891,Liver,Liver_hepatocyte
892,Liver,Liver_hepatocyte
893,Liver,Liver_hepatocyte
894,Liver,Liver_hepatocyte
895,Liver,Liver_hepatocyte
896,Liver,Liver_hepatocyte
897,Liver,Liver_hepatocyte
898,Liver,Liver_hepatocyte
899,Liver,Liver_hepatocyte
900,Liver,Liver_hepatocyte
901,Liver,Liver_hepatocyte
902,Liver,Liver_hepatocyte
903,Liver,Liver_hepatocyte
904,Liver,Liver_hepatocyte
905,Liver,Liver_hepatocyte
906,Liver,Liver_hepatocyte
907,Liver,Liver_hepatocyte
908,Liver,Liver_hepatocyte
909,Liver,Liver_hepatocyte
910,Liver,Liver_hepatocyte
911,Liver,Liver_hepatocyte
912,Liver,Liver_hepatocyte
913,Liver,Liver_hepatocyte
914,Liver,Liver_hepatocyte
915,Liver,Liver_hepatocyte
916,Liver,Liver_hepatocyte
917,Liver,Liver_hepatocyte
918,Liver,Liver_hepatocyte
919,Liver,Liver_hepatocyte
920,Liver,Liver_hepatocyte
921,Liver,Liver_hepatocyte
922,Liver,Liver_hepatocyte
923,Liver,Liver_hepatocyte
924,Liver,Liver_hepatocyte
925,Liver,Liver_hepatocyte
926,Liver,Liver_hepatocyte
927,Liver,Liver_hepatocyte
928,Liver,Liver_hepatocyte
929,Liver,Liver_hepatocyte
930,Liver,Liver_hepatocyte
931,Liver,Liver_hepatocyte
932,Liver,Liver_hepatocyte
933,Liver,Liver_hepatocyte
934,Liver,Liver_hepatocyte
935,Liver,Liver_hepatocyte
936,Liver,Liver_hepatocyte
937,Liver,Liver_hepatocyte
938,Liver,Liver_hepatocyte
939,Liver,Liver_hepatocyte
940,Liver,Liver_hepatocyte
941,Liver,Liver_hepatocyte
942,Liver,Liver_hepatocyte
943,Liver,Liver_hepatocyte
944,Liver,Liver_hepatocyte
945,Liver,Liver_hepatocyte
946,Liver,Liver_hepatocyte
947,Liver,Liver_hepatocyte
948,Liver,Liver_hepatocyte
949,Liver,Liver_hepatocyte
950,Liver,Liver_hepatocyte
951,Liver,Liver_hepatocyte
952,Liver,Liver_hepatocyte
953,Liver,Liver_hepatocyte
954,Liver,Liver_hepatocyte
955,Liver,Liver_hepatocyte
956,Liver,Liver_hepatocyte
957,Liver,Liver_hepatocyte
958,Liver,Liver_hepatocyte
959,Liver,Liver_hepatocyte
960,Liver,Liver_hepatocyte
961,Liver,Liver_hepatocyte
962,Liver,Liver_hepatocyte
963,Liver,Liver_hepatocyte
964,Liver,Liver_hepatocyte
965,Liver,Liver_hepatocyte
966,Liver,Liver_hepatocyte
967,Liver,Liver_hepatocyte
968,Liver,Liver_hepatocyte
969,Liver,Liver_hepatocyte
970,Liver,Liver_hepatocyte
971,Liver,Liver_hepatocyte
972,Liver,Liver_hepatocyte
973,Liver,Liver_hepatocyte
974,Liver,Liver_hepatocyte
975,Liver,Liver_hepatocyte
976,Liver,Liver_hepatocyte
977,Liver,Liver_hepatocyte
978,Liver,Liver_hepatocyte
979,Liver,Liver_hepatocyte
980,Liver,Liver_hepatocyte
981,Liver,Liver_hepatocyte
982,Liver,Liver_hepatocyte
983,Liver,Liver_hepatocyte
984,Liver,Liver_hepatocyte
985,Liver,Liver_hepatocyte
986,Liver,Liver_hepatocyte
987,Liver,Liver_hepatocyte
988,Liver,Liver_hepatocyte
989,Liver,Liver_hepatocyte
990,Liver,Liver_hepatocyte
991,Liver,Liver_hepatocyte
992,Liver,Liver_hepatocyte
993,Liver,Liver_hepatocyte
994,Liver,Liver_hepatocyte
995,Liver,Liver_hepatocyte
996,Liver,Liver_hepatocyte
997,Liver,Liver_hepatocyte
998,Liver,Liver_hepatocyte
999,Liver,Liver_hepatocyte
1000,Liver,Liver_hepatocyte
1001,Liver,Liver_hepatocyte
1002,Liver,Liver_hepatocyte
1003,Liver,Liver_hepatocyte
1004,Liver,Liver_hepatocyte
1005,Liver,Liver_hepatocyte
1006,Liver,Liver_hepatocyte
1007,Liver,Liver_hepatocyte
1008,Liver,Liver_hepatocyte
1009,Liver,Liver_hepatocyte
1010,Liver,Liver_hepatocyte
1011,Liver,Liver_hepatocyte
1012,Lung,Lung_Bcell
1013,Lung,Lung_Bcell
1014,Lung,Lung_Bcell
1015,Lung,Lung_Bcell
1016,Lung,Lung_Bcell
1017,Lung,Lung_Bcell
1018,Lung,Lung_Bcell
1019,Lung,Lung_Bcell
1020,Lung,Lung_Bcell
1021,Lung,Lung_Bcell
1022,Lung,Lung_Bcell
1023,Lung,Lung_Bcell
1024,Lung,Lung_Bcell
1025,Lung,Lung_Bcell
1026,Lung,Lung_Bcell
1027,Lung,Lung_Bcell
1028,Lung,Lung_Bcell
1029,Lung,Lung_Bcell
1030,Lung,Lung_Bcell
1031,Lung,Lung_Bcell
1032,Lung,Lung_Bcell
1033,Lung,Lung_Bcell
1034,Lung,Lung_Bcell
1035,Lung,Lung_Bcell
1036,Lung,Lung_Bcell
1037,Lung,Lung_Bcell
1038,Lung,Lung_ciliatedcell
1039,Lung,Lung_ciliatedcell
1040,Lung,Lung_ciliatedcell
1041,Lung,Lung_ciliatedcell
1042,Lung,Lung_ciliatedcell
1043,Lung,Lung_dendriticcell
1044,Lung,Lung_dendriticcell
1045,Lung,Lung_dendriticcell
1046,Lung,Lung_dendriticcell
1047,Lung,Lung_dendriticcell
1048,Lung,Lung_dendriticcell
1049,Lung,Lung_dendriticcell
1050,Lung,Lung_dendriticcell
1051,Lung,Lung_dendriticcell
1052,Lung,Lung_dendriticcell
1053,Lung,Lung_dendriticcell
1054,Lung,Lung_dendriticcell
1055,Lung,Lung_dendriticcell
1056,Lung,Lung_dendriticcell
1057,Lung,Lung_dendriticcell
1058,Lung,Lung_dendriticcell
1059,Lung,Lung_dendriticcell
1060,Lung,Lung_dendriticcell
1061,Lung,Lung_dendriticcell
1062,Lung,Lung_dendriticcell
1063,Lung,Lung_dendriticcell
1064,Lung,Lung_dendriticcell
1065,Lung,Lung_dendriticcell
1066,Lung,Lung_dendriticcell
1067,Lung,Lung_dendriticcell
1068,Lung,Lung_dendriticcell
1069,Lung,Lung_dendriticcell
1070,Lung,Lung_dendriticcell
1071,Lung,Lung_dendriticcell
1072,Lung,Lung_dendriticcell
1073,Lung,Lung_dendriticcell
1074,Lung,Lung_dendriticcell
1075,Lung,Lung_dendriticcell
1076,Lung,Lung_dendriticcell
1077,Lung,Lung_dendriticcell
1078,Lung,Lung_dendriticcell
1079,Lung,Lung_dendriticcell
1080,Lung,Lung_dendriticcell
1081,Lung,Lung_dendriticcell
1082,Lung,Lung_dendriticcell
1083,Lung,Lung_dendriticcell
1084,Lung,Lung_dendriticcell
1085,Lung,Lung_dendriticcell
1086,Lung,Lung_dendriticcell
1087,Lung,Lung_dendriticcell
1088,Lung,Lung_dendriticcell
1089,Lung,Lung_dendriticcell
1090,Lung,Lung_dendriticcell
1091,Lung,Lung_dendriticcell
1092,Lung,Lung_dendriticcell
1093,Lung,Lung_dendriticcell
1094,Lung,Lung_dendriticcell
1095,Lung,Lung_endothelialcell
1096,Lung,Lung_endothelialcell
1097,Lung,Lung_endothelialcell
1098,Lung,Lung_endothelialcell
1099,Lung,Lung_endothelialcell
1100,Lung,Lung_endothelialcell
1101,Lung,Lung_endothelialcell
1102,Lung,Lung_endothelialcell
1103,Lung,Lung_endothelialcell
1104,Lung,Lung_endothelialcell
1105,Lung,Lung_endothelialcell
1106,Lung,Lung_endothelialcell
1107,Lung,Lung_endothelialcell
1108,Lung,Lung_endothelialcell
1109,Lung,Lung_endothelialcell
1110,Lung,Lung_endothelialcell
1111,Lung,Lung_endothelialcell
1112,Lung,Lung_endothelialcell
1113,Lung,Lung_endothelialcell
1114,Lung,Lung_endothelialcell
1115,Lung,Lung_endothelialcell
1116,Lung,Lung_endothelialcell
1117,Lung,Lung_endothelialcell
1118,Lung,Lung_endothelialcell
1119,Lung,Lung_endothelialcell
1120,Lung,Lung_endothelialcell
1121,Lung,Lung_endothelialcell
1122,Lung,Lung_endothelialcell
1123,Lung,Lung_endothelialcell
1124,Lung,Lung_endothelialcell
1125,Lung,Lung_endothelialcell
1126,Lung,Lung_endothelialcell
1127,Lung,Lung_endothelialcell
1128,Lung,Lung_endothelialcell
1129,Lung,Lung_endothelialcell
1130,Lung,Lung_endothelialcell
1131,Lung,Lung_endothelialcell
1132,Lung,Lung_endothelialcell
1133,Lung,Lung_endothelialcell
1134,Lung,Lung_endothelialcell
1135,Lung,Lung_endothelialcell
1136,Lung,Lung_endothelialcell
1137,Lung,Lung_endothelialcell
1138,Lung,Lung_endothelialcell
1139,Lung,Lung_endothelialcell
1140,Lung,Lung_endothelialcell
1141,Lung,Lung_endothelialcell
1142,Lung,Lung_endothelialcell
1143,Lung,Lung_endothelialcell
1144,Lung,Lung_endothelialcell
1145,Lung,Lung_endothelialcell
1146,Lung,Lung_endothelialcell
1147,Lung,Lung_endothelialcell
1148,Lung,Lung_endothelialcell
1149,Lung,Lung_endothelialcell
1150,Lung,Lung_endothelialcell
1151,Lung,Lung_endothelialcell
1152,Lung,Lung_endothelialcell
1153,Lung,Lung_endothelialcell
1154,Lung,Lung_endothelialcell
1155,Lung,Lung_endothelialcell
1156,Lung,Lung_endothelialcell
1157,Lung,Lung_endothelialcell
1158,Lung,Lung_endothelialcell
1159,Lung,Lung_endothelialcell
1160,Lung,Lung_endothelialcell
1161,Lung,Lung_endothelialcell
1162,Lung,Lung_endothelialcell
1163,Lung,Lung_endothelialcell
1164,Lung,Lung_endothelialcell
1165,Lung,Lung_endothelialcell
1166,Lung,Lung_endothelialcell
1167,Lung,Lung_endothelialcell
1168,Lung,Lung_endothelialcell
1169,Lung,Lung_endothelialcell
1170,Lung,Lung_endothelialcell
1171,Lung,Lung_endothelialcell
1172,Lung,Lung_endothelialcell
1173,Lung,Lung_endothelialcell
1174,Lung,Lung_endothelialcell
1175,Lung,Lung_endothelialcell
1176,Lung,Lung_endothelialcell
1177,Lung,Lung_endothelialcell
1178,Lung,Lung_endothelialcell
1179,Lung,Lung_endothelialcell
1180,Lung,Lung_endothelialcell
1181,Lung,Lung_endothelialcell
1182,Lung,Lung_endothelialcell
1183,Lung,Lung_endothelialcell
1184,Lung,Lung_endothelialcell
1185,Lung,Lung_endothelialcell
1186,Lung,Lung_endothelialcell
1187,Lung,Lung_endothelialcell
1188,Lung,Lung_endothelialcell
1189,Lung,Lung_endothelialcell
1190,Lung,Lung_endothelialcell
1191,Lung,Lung_endothelialcell
1192,Lung,Lung_endothelialcell
1193,Lung,Lung_endothelialcell
1194,Lung,Lung_endothelialcell
1195,Lung,Lung_endothelialcell
1196,Lung,Lung_endothelialcell
1197,Lung,Lung_endothelialcell
1198,Lung,Lung_endothelialcell
1199,Lung,Lung_endothelialcell
1200,Lung,Lung_endothelialcell
1201,Lung,Lung_endothelialcell
1202,Lung,Lung_endothelialcell
1203,Lung,Lung_endothelialcell
1204,Lung,Lung_endothelialcell
1205,Lung,Lung_endothelialcell
1206,Lung,Lung_endothelialcell
1207,Lung,Lung_endothelialcell
1208,Lung,Lung_endothelialcell
1209,Lung,Lung_endothelialcell
1210,Lung,Lung_endothelialcell
1211,Lung,Lung_endothelialcell
1212,Lung,Lung_endothelialcell
1213,Lung,Lung_endothelialcell
1214,Lung,Lung_endothelialcell
1215,Lung,Lung_endothelialcell
1216,Lung,Lung_endothelialcell
1217,Lung,Lung_endothelialcell
1218,Lung,Lung_endothelialcell
1219,Lung,Lung_endothelialcell
1220,Lung,Lung_endothelialcell
1221,Lung,Lung_endothelialcell
1222,Lung,Lung_endothelialcell
1223,Lung,Lung_endothelialcell
1224,Lung,Lung_endothelialcell
1225,Lung,Lung_endothelialcell
1226,Lung,Lung_leukocyte
1227,Lung,Lung_leukocyte
1228,Lung,Lung_leukocyte
1229,Lung,Lung_leukocyte
1230,Lung,Lung_leukocyte
1231,Lung,Lung_leukocyte
1232,Lung,Lung_leukocyte
1233,Lung,Lung_leukocyte
1234,Lung,Lung_leukocyte
1235,Lung,Lung_leukocyte
1236,Lung,Lung_leukocyte
1237,Lung,Lung_leukocyte
1238,Lung,Lung_leukocyte
1239,Lung,Lung_leukocyte
1240,Lung,Lung_leukocyte
1241,Lung,Lung_leukocyte
1242,Lung,Lung_leukocyte
1243,Lung,Lung_leukocyte
1244,Lung,Lung_leukocyte
1245,Lung,Lung_leukocyte
1246,Lung,Lung_leukocyte
1247,Lung,Lung_leukocyte
1248,Lung,Lung_leukocyte
1249,Lung,Lung_leukocyte
1250,Lung,Lung_leukocyte
1251,Lung,Lung_leukocyte
1252,Lung,Lung_leukocyte
1253,Lung,Lung_leukocyte
1254,Lung,Lung_leukocyte
1255,Lung,Lung_macrophage
1256,Lung,Lung_macrophage
1257,Lung,Lung_macrophage
1258,Lung,Lung_macrophage
1259,Lung,Lung_macrophage
1260,Lung,Lung_macrophage
1261,Lung,Lung_macrophage
1262,Lung,Lung_macrophage
1263,Lung,Lung_macrophage
1264,Lung,Lung_macrophage
1265,Lung,Lung_macrophage
1266,Lung,Lung_macrophage
1267,Lung,Lung_macrophage
1268,Lung,Lung_macrophage
1269,Lung,Lung_macrophage
1270,Lung,Lung_macrophage
1271,Lung,Lung_macrophage
1272,Lung,Lung_macrophage
1273,Lung,Lung_macrophage
1274,Lung,Lung_macrophage
1275,Lung,Lung_macrophage
1276,Lung,Lung_macrophage
1277,Lung,Lung_macrophage
1278,Lung,Lung_macrophage
1279,Lung,Lung_macrophage
1280,Lung,Lung_macrophage
1281,Lung,Lung_macrophage
1282,Lung,Lung_macrophage
1283,Lung,Lung_macrophage
1284,Lung,Lung_macrophage
1285,Lung,Lung_macrophage
1286,Lung,Lung_macrophage
1287,Lung,Lung_macrophage
1288,Lung,Lung_macrophage
1289,Lung,Lung_macrophage
1290,Lung,Lung_macrophage
1291,Lung,Lung_macrophage
1292,Lung,Lung_macrophage
1293,Lung,Lung_macrophage
1294,Lung,Lung_macrophage
1295,Lung,Lung_macrophage
1296,Lung,Lung_macrophage
1297,Lung,Lung_macrophage
1298,Lung,Lung_macrophage
1299,Lung,Lung_macrophage
1300,Lung,Lung_macrophage
1301,Lung,Lung_macrophage
1302,Lung,Lung_macrophage
1303,Lung,Lung_macrophage
1304,Lung,Lung_macrophage
1305,Lung,Lung_macrophage
1306,Lung,Lung_macrophage
1307,Lung,Lung_macrophage
1308,Lung,Lung_macrophage
1309,Lung,Lung_macrophage
1310,Lung,Lung_macrophage
1311,Lung,Lung_macrophage
1312,Lung,Lung_macrophage
1313,Lung,Lung_macrophage
1314,Lung,Lung_macrophage
1315,Lung,Lung_macrophage
1316,Lung,Lung_macrophage
1317,Lung,Lung_macrophage
1318,Lung,Lung_macrophage
1319,Lung,Lung_macrophage
1320,Lung,Lung_macrophage
1321,Lung,Lung_macrophage
1322,Lung,Lung_macrophage
1323,Lung,Lung_macrophage
1324,Lung,Lung_macrophage
1325,Lung,Lung_macrophage
1326,Lung,Lung_macrophage
1327,Lung,Lung_macrophage
1328,Lung,Lung_macrophage
1329,Lung,Lung_macrophage
1330,Lung,Lung_macrophage
1331,Lung,Lung_macrophage
1332,Lung,Lung_macrophage
1333,Lung,Lung_macrophage
1334,Lung,Lung_macrophage
1335,Lung,Lung_macrophage
1336,Lung,Lung_macrophage
1337,Lung,Lung_macrophage
1338,Lung,Lung_macrophage
1339,Lung,Lung_macrophage
1340,Lung,Lung_macrophage
1341,Lung,Lung_macrophage
1342,Lung,Lung_macrophage
1343,Lung,Lung_macrophage
1344,Lung,Lung_macrophage
1345,Lung,Lung_macrophage
1346,Lung,Lung_macrophage
1347,Lung,Lung_macrophage
1348,Lung,Lung_macrophage
1349,Lung,Lung_macrophage
1350,Lung,Lung_macrophage
1351,Lung,Lung_macrophage
1352,Lung,Lung_macrophage
1353,Lung,Lung_macrophage
1354,Lung,Lung_macrophage
1355,Lung,Lung_macrophage
1356,Lung,Lung_macrophage
1357,Lung,Lung_macrophage
1358,Lung,Lung_macrophage
1359,Lung,Lung_macrophage
1360,Lung,Lung_macrophage
1361,Lung,Lung_macrophage
1362,Lung,Lung_macrophage
1363,Lung,Lung_macrophage
1364,Lung,Lung_macrophage
1365,Lung,Lung_macrophage
1366,Lung,Lung_macrophage
1367,Lung,Lung_macrophage
1368,Lung,Lung_macrophage
1369,Lung,Lung_macrophage
1370,Lung,Lung_macrophage
1371,Lung,Lung_macrophage
1372,Lung,Lung_macrophage
1373,Lung,Lung_macrophage
1374,Lung,Lung_macrophage
1375,Lung,Lung_macrophage
1376,Lung,Lung_macrophage
1377,Lung,Lung_macrophage
1378,Lung,Lung_macrophage
1379,Lung,Lung_macrophage
1380,Lung,Lung_macrophage
1381,Lung,Lung_macrophage
1382,Lung,Lung_macrophage
1383,Lung,Lung_mastcell
1384,Lung,Lung_mastcell
1385,Lung,Lung_mesothelialcell
1386,Lung,Lung_mesothelialcell
1387,Lung,Lung_monocyte
1388,Lung,Lung_monocyte
1389,Lung,Lung_monocyte
1390,Lung,Lung_monocyte
1391,Lung,Lung_monocyte
1392,Lung,Lung_monocyte
1393,Lung,Lung_monocyte
1394,Lung,Lung_monocyte
1395,Lung,Lung_monocyte
1396,Lung,Lung_monocyte
1397,Lung,Lung_monocyte
1398,Lung,Lung_monocyte
1399,Lung,Lung_monocyte
1400,Lung,Lung_monocyte
1401,Lung,Lung_monocyte
1402,Lung,Lung_monocyte
1403,Lung,Lung_monocyte
1404,Lung,Lung_monocyte
1405,Lung,Lung_monocyte
1406,Lung,Lung_monocyte
1407,Lung,Lung_monocyte
1408,Lung,Lung_monocyte
1409,Lung,Lung_monocyte
1410,Lung,Lung_monocyte
1411,Lung,Lung_monocyte
1412,Lung,Lung_monocyte
1413,Lung,Lung_monocyte
1414,Lung,Lung_monocyte
1415,Lung,Lung_monocyte
1416,Lung,Lung_monocyte
1417,Lung,Lung_monocyte
1418,Lung,Lung_monocyte
1419,Lung,Lung_monocyte
1420,Lung,Lung_monocyte
1421,Lung,Lung_monocyte
1422,Lung,Lung_monocyte
1423,Lung,Lung_monocyte
1424,Lung,Lung_monocyte
1425,Lung,Lung_monocyte
1426,Lung,Lung_monocyte
1427,Lung,Lung_monocyte
1428,Lung,Lung_monocyte
1429,Lung,Lung_monocyte
1430,Lung,Lung_monocyte
1431,Lung,Lung_monocyte
1432,Lung,Lung_monocyte
1433,Lung,Lung_monocyte
1434,Lung,Lung_monocyte
1435,Lung,Lung_monocyte
1436,Lung,Lung_monocyte
1437,Lung,Lung_monocyte
1438,Lung,Lung_monocyte
1439,Lung,Lung_monocyte
1440,Lung,Lung_monocyte
1441,Lung,Lung_monocyte
1442,Lung,Lung_monocyte
1443,Lung,Lung_naturalkillercell
1444,Lung,Lung_naturalkillercell
1445,Lung,Lung_naturalkillercell
1446,Lung,Lung_naturalkillercell
1447,Lung,Lung_naturalkillercell
1448,Lung,Lung_naturalkillercell
1449,Lung,Lung_naturalkillercell
1450,Lung,Lung_naturalkillercell
1451,Lung,Lung_naturalkillercell
1452,Lung,Lung_naturalkillercell
1453,Lung,Lung_naturalkillercell
1454,Lung,Lung_naturalkillercell
1455,Lung,Lung_naturalkillercell
1456,Lung,Lung_naturalkillercell
1457,Lung,Lung_naturalkillercell
1458,Lung,Lung_naturalkillercell
1459,Lung,Lung_naturalkillercell
1460,Lung,Lung_naturalkillercell
1461,Lung,Lung_naturalkillercell
1462,Lung,Lung_naturalkillercell
1463,Lung,Lung_naturalkillercell
1464,Lung,Lung_naturalkillercell
1465,Lung,Lung_naturalkillercell
1466,Lung,Lung_naturalkillercell
1467,Lung,Lung_naturalkillercell
1468,Lung,Lung_naturalkillercell
1469,Lung,Lung_naturalkillercell
1470,Lung,Lung_naturalkillercell
1471,Lung,Lung_naturalkillercell
1472,Lung,Lung_naturalkillercell
1473,Lung,Lung_naturalkillercell
1474,Lung,Lung_naturalkillercell
1475,Lung,Lung_naturalkillercell
1476,Lung,Lung_naturalkillercell
1477,Lung,Lung_naturalkillercell
1478,Lung,Lung_naturalkillercell
1479,Lung,Lung_naturalkillercell
1480,Lung,Lung_naturalkillercell
1481,Lung,Lung_naturalkillercell
1482,Lung,Lung_naturalkillercell
1483,Lung,Lung_stromalcell
1484,Lung,Lung_stromalcell
1485,Lung,Lung_stromalcell
1486,Lung,Lung_stromalcell
1487,Lung,Lung_stromalcell
1488,Lung,Lung_stromalcell
1489,Lung,Lung_stromalcell
1490,Lung,Lung_stromalcell
1491,Lung,Lung_stromalcell
1492,Lung,Lung_stromalcell
1493,Lung,Lung_stromalcell
1494,Lung,Lung_stromalcell
1495,Lung,Lung_stromalcell
1496,Lung,Lung_stromalcell
1497,Lung,Lung_stromalcell
1498,Lung,Lung_stromalcell
1499,Lung,Lung_stromalcell
1500,Lung,Lung_stromalcell
1501,Lung,Lung_stromalcell
1502,Lung,Lung_stromalcell
1503,Lung,Lung_stromalcell
1504,Lung,Lung_stromalcell
1505,Lung,Lung_stromalcell
1506,Lung,Lung_stromalcell
1507,Lung,Lung_stromalcell
1508,Lung,Lung_stromalcell
1509,Lung,Lung_stromalcell
1510,Lung,Lung_stromalcell
1511,Lung,Lung_stromalcell
1512,Lung,Lung_stromalcell
1513,Lung,Lung_stromalcell
1514,Lung,Lung_stromalcell
1515,Lung,Lung_stromalcell
1516,Lung,Lung_stromalcell
1517,Lung,Lung_stromalcell
1518,Lung,Lung_stromalcell
1519,Lung,Lung_stromalcell
1520,Lung,Lung_stromalcell
1521,Lung,Lung_stromalcell
1522,Lung,Lung_stromalcell
1523,Lung,Lung_stromalcell
1524,Lung,Lung_stromalcell
1525,Lung,Lung_stromalcell
1526,Lung,Lung_stromalcell
1527,Lung,Lung_stromalcell
1528,Lung,Lung_stromalcell
1529,Lung,Lung_stromalcell
1530,Lung,Lung_stromalcell
1531,Lung,Lung_stromalcell
1532,Lung,Lung_stromalcell
1533,Lung,Lung_stromalcell
1534,Lung,Lung_stromalcell
1535,Lung,Lung_stromalcell
1536,Lung,Lung_stromalcell
1537,Lung,Lung_stromalcell
1538,Lung,Lung_stromalcell
1539,Lung,Lung_stromalcell
1540,Lung,Lung_stromalcell
1541,Lung,Lung_stromalcell
1542,Lung,Lung_stromalcell
1543,Lung,Lung_stromalcell
1544,Lung,Lung_stromalcell
1545,Lung,Lung_stromalcell
1546,Lung,Lung_stromalcell
1547,Lung,Lung_stromalcell
1548,Lung,Lung_stromalcell
1549,Lung,Lung_stromalcell
1550,Lung,Lung_stromalcell
1551,Lung,Lung_stromalcell
1552,Lung,Lung_stromalcell
1553,Lung,Lung_stromalcell
1554,Lung,Lung_stromalcell
1555,Lung,Lung_stromalcell
1556,Lung,Lung_stromalcell
1557,Lung,Lung_stromalcell
1558,Lung,Lung_stromalcell
1559,Lung,Lung_stromalcell
1560,Lung,Lung_stromalcell
1561,Lung,Lung_stromalcell
1562,Lung,Lung_stromalcell
1563,Lung,Lung_stromalcell
1564,Lung,Lung_stromalcell
1565,Lung,Lung_stromalcell
1566,Lung,Lung_stromalcell
1567,Lung,Lung_stromalcell
1568,Lung,Lung_Tcell
1569,Lung,Lung_Tcell
1570,Lung,Lung_Tcell
1571,Lung,Lung_Tcell
1572,Lung,Lung_Tcell
1573,Lung,Lung_Tcell
1574,Lung,Lung_Tcell
1575,Lung,Lung_Tcell
1576,Lung,Lung_Tcell
1577,Lung,Lung_Tcell
1578,Lung,Lung_Tcell
1579,Lung,Lung_Tcell
1580,Lung,Lung_Tcell
1581,Lung,Lung_Tcell
1582,Lung,Lung_Tcell
1583,Lung,Lung_Tcell
1584,Lung,Lung_Tcell
1585,Lung,Lung_Tcell
1586,Lung,Lung_Tcell
1587,Lung,Lung_Tcell
1588,Lung,Lung_Tcell
1589,Lung,Lung_Tcell
1590,Lung,Lung_Tcell
1591,Lung,Lung_Tcell
1592,Lung,Lung_Tcell
1593,Lung,Lung_Tcell
1594,Lung,Lung_Tcell
1595,Lung,Lung_Tcell
1596,Lung,Lung_Tcell
1597,Lung,Lung_Tcell
1598,Lung,Lung_Tcell
1599,Lung,Lung_Tcell
1600,Lung,Lung_Tcell
1601,Lung,Lung_Tcell
1602,Lung,Lung_Tcell
1603,Lung,Lung_typeIIpneumocyte
1604,Lung,Lung_typeIIpneumocyte
1605,Lung,Lung_typeIIpneumocyte
1606,Lung,Lung_typeIIpneumocyte
1607,Lung,Lung_typeIIpneumocyte
1608,Lung,Lung_typeIIpneumocyte
1609,Lung,Lung_typeIIpneumocyte
1610,Lung,Lung_typeIIpneumocyte
1611,Lung,Lung_typeIIpneumocyte
1612,Lung,Lung_typeIIpneumocyte
1613,Lung,Lung_typeIIpneumocyte
1614,Lung,Lung_typeIIpneumocyte
1615,Lung,Lung_typeIIpneumocyte
