mouse,type,sampleID
296,3-M-8,B cell,10X_P4_7_ACTTTCAGTCAAAGAT-1
331,3-M-8,B cell,10X_P4_7_AGATCTGTCTTTACGT-1
395,3-M-8,B cell,10X_P4_7_AGGGTGAAGGTGATAT-1
365,3-M-8,B cell,10X_P4_7_AGCTCCTTCTCTAAGG-1
1977,3-M-8,B cell,10X_P4_7_TACTCGCAGTCGCCGT-1
1920,3-M-8,B cell,10X_P4_7_TAAGCGTTCGCGGATC-1
1859,3-M-8,B cell,10X_P4_7_GTGTGCGAGCAATCTC-1
394,3-M-8,B cell,10X_P4_7_AGGGTGAAGCAATCTC-1
2337,3-M-8,B cell,10X_P4_7_TGTATTCGTTAAGATG-1
1313,3-M-8,B cell,10X_P4_7_GAACCTAAGGAGCGTT-1
1787,3-M-8,B cell,10X_P4_7_GTCAAGTAGGCCGAAT-1
2197,3-M-8,B cell,10X_P4_7_TGACTAGCAACGCACC-1
466,3-M-8,B cell,10X_P4_7_ATCACGATCAGTCCCT-1
1784,3-M-8,B cell,10X_P4_7_GTATTCTTCTATCCCG-1
661,3-M-8,B cell,10X_P4_7_CACTCCATCGCTTAGA-1
2142,3-M-8,B cell,10X_P4_7_TCTATTGAGCGGCTTC-1
1203,3-M-8,B cell,10X_P4_7_CTGAAACAGGGAGTAA-1
696,3-M-8,B cell,10X_P4_7_CAGCGACGTACCATCA-1
1577,3-M-8,B cell,10X_P4_7_GCTGGGTAGGCTACGA-1
1590,3-M-8,B cell,10X_P4_7_GCTTCCATCGGTTAAC-1
1603,3-M-8,B cell,10X_P4_7_GGACAAGCACGACTCG-1
974,3-M-8,B cell,10X_P4_7_CGCGGTACAAGCGATG-1
599,3-M-8,B cell,10X_P4_7_CACAAACAGATAGTCA-1
1650,3-M-8,B cell,10X_P4_7_GGCCGATCATGTCGAT-1
239,3-M-8,B cell,10X_P4_7_ACGGCCAGTGCTCTTC-1
539,3-M-8,B cell,10X_P4_7_ATTCTACCAAGACACG-1
2414,3-M-8,B cell,10X_P4_7_TTCTTAGGTTAGAACA-1
2002,3-M-8,B cell,10X_P4_7_TAGAGCTCATACGCTA-1
152,3-M-8,B cell,10X_P4_7_ACATACGCATCGATTG-1
750,3-M-8,B cell,10X_P4_7_CATGCCTAGTGTACGG-1
840,3-M-8,B cell,10X_P4_7_CCGTACTGTACAGTGG-1
527,3-M-8,B cell,10X_P4_7_ATGTGTGAGTATGACA-1
1247,3-M-8,B cell,10X_P4_7_CTGGTCTTCCATTCTA-1
202,3-M-8,B cell,10X_P4_7_ACGATACTCATCATTC-1
1285,3-M-8,B cell,10X_P4_7_CTTCTCTTCCTTGCCA-1
438,3-M-8,B cell,10X_P4_7_ATAACGCAGCAACGGT-1
746,3-M-8,B cell,10X_P4_7_CATGACATCGAACGGA-1
1440,3-M-8,B cell,10X_P4_7_GATTCAGTCAAACCAC-1
1412,3-M-8,B cell,10X_P4_7_GATCGTACATACCATG-1
1656,3-M-8,B cell,10X_P4_7_GGCGACTGTAAGTGGC-1
684,3-M-8,B cell,10X_P4_7_CAGCAGCCACCGGAAA-1
76,3-M-8,B cell,10X_P4_7_AACTTTCGTGTTTGTG-1
2066,3-M-8,B cell,10X_P4_7_TCAGCAACAATCCAAC-1
1698,3-M-8,B cell,10X_P4_7_GGGCATCGTATGAATG-1
768,3-M-8,B cell,10X_P4_7_CCAATCCAGCTTTGGT-1
342,3-M-8,B cell,10X_P4_7_AGCCTAAAGTGTACCT-1
1480,3-M-8,B cell,10X_P4_7_GCATGATCATACTACG-1
1604,3-M-8,B cell,10X_P4_7_GGACAAGGTACATCCA-1
1491,3-M-8,B cell,10X_P4_7_GCATGCGTCTATCGCC-1
742,3-M-8,B cell,10X_P4_7_CATCGGGGTAAGGGAA-1
954,3-M-8,B cell,10X_P4_7_CGATGGCGTGCGAAAC-1
1006,3-M-8,B cell,10X_P4_7_CGGACGTCACGTCAGC-1
1036,3-M-8,B cell,10X_P4_7_CGTCACTAGCTAGTGG-1
1302,3-M-8,B cell,10X_P4_7_GAAATGACATCGATTG-1
1127,3-M-8,B cell,10X_P4_7_CTACGTCAGTGGGCTA-1
530,3-M-8,B cell,10X_P4_7_ATGTGTGTCAGATAAG-1
1679,3-M-8,B cell,10X_P4_7_GGGAATGGTAGGCATG-1
883,3-M-8,B cell,10X_P4_7_CCTCAGTGTCACTTCC-1
2170,3-M-8,B cell,10X_P4_7_TCTTCGGCAGTGACAG-1
244,3-M-8,B cell,10X_P4_7_ACGGGCTGTTCTCATT-1
1924,3-M-8,B cell,10X_P4_7_TAAGTGCCACAGCGTC-1
722,3-M-8,B cell,10X_P4_7_CATATTCGTAACGACG-1
225,3-M-8,B cell,10X_P4_7_ACGCCGAAGCATCATC-1
2265,3-M-8,B cell,10X_P4_7_TGCGCAGGTGACAAAT-1
1041,3-M-8,B cell,10X_P4_7_CGTCAGGAGGCGATAC-1
952,3-M-8,B cell,10X_P4_7_CGATGGCCATCGATTG-1
40,3-M-8,B cell,10X_P4_7_AACCATGGTGCTAGCC-1
1241,3-M-8,B cell,10X_P4_7_CTGGTCTAGCTAACAA-1
938,3-M-8,B cell,10X_P4_7_CGAGCACTCTTGTACT-1
122,3-M-8,B cell,10X_P4_7_ACACCAATCCCGACTT-1
484,3-M-8,B cell,10X_P4_7_ATCCACCTCTACCAGA-1
270,3-M-8,B cell,10X_P4_7_ACTGATGGTCGGCATC-1
2303,3-M-8,B cell,10X_P4_7_TGGCGCATCCTAGTGA-1
803,3-M-8,B cell,10X_P4_7_CCATTCGAGCTTCGCG-1
2207,3-M-8,B cell,10X_P4_7_TGACTTTTCTGGAGCC-1
2129,3-M-8,B cell,10X_P4_7_TCGGTAAAGGATCGCA-1
1062,3-M-8,B cell,10X_P4_7_CGTGAGCTCAAGGTAA-1
159,3-M-8,B cell,10X_P4_7_ACATCAGGTCCAGTGC-1
93,3-M-8,B cell,10X_P4_7_AAGGAGCGTAGCGCTC-1
807,3-M-8,B cell,10X_P4_7_CCCAATCCAATCTACG-1
1500,3-M-8,B cell,10X_P4_7_GCATGTATCTCAACTT-1
50,3-M-8,B cell,10X_P4_7_AACGTTGGTTAAAGTG-1
673,3-M-8,B cell,10X_P4_7_CAGAGAGTCGGTCTAA-1
1888,3-M-8,B cell,10X_P4_7_GTTCGGGAGTCCGTAT-1
1709,3-M-8,B cell,10X_P4_7_GGTATTGCATCCGGGT-1
1003,3-M-8,B cell,10X_P4_7_CGGACGTAGATCCGAG-1
1353,3-M-8,B cell,10X_P4_7_GACGGCTTCTCTGCTG-1
963,3-M-8,B cell,10X_P4_7_CGATTGAAGACTACAA-1
1140,3-M-8,B cell,10X_P4_7_CTAGCCTAGGTGATAT-1
496,3-M-8,B cell,10X_P4_7_ATCGAGTTCGGCCGAT-1
1665,3-M-8,B cell,10X_P4_7_GGCTCGACATGTAGTC-1
1558,3-M-8,B cell,10X_P4_7_GCTGCAGAGTTGTCGT-1
1149,3-M-8,B cell,10X_P4_7_CTAGTGAGTCGGCTCA-1
2053,3-M-8,B cell,10X_P4_7_TCAATCTCACAGATTC-1
2208,3-M-8,B cell,10X_P4_7_TGAGAGGCATAAGACA-1
2186,3-M-8,B cell,10X_P4_7_TGACAACCACCATGTA-1
37,3-M-8,B cell,10X_P4_7_AACCATGAGCCGTCGT-1
1739,3-M-8,B cell,10X_P4_7_GTACGTAGTAGTAGTA-1
2273,3-M-8,B cell,10X_P4_7_TGCGTGGAGGATCGCA-1
2378,3-M-8,B cell,10X_P4_7_TTCGAAGGTAGCGCAA-1
